Department,Total_Employees,Attrition_Count,Avg_Salary,Avg_Age,Attrition_Rate
Human Resources,63,12,6654.507936507936,37.80952380952381,19.05
Research & Development,961,133,6281.252861602497,37.0426638917794,13.84
Sales,446,92,6959.17264573991,36.54260089686099,20.63
